{
    "Agent": {
        "total": 0.03509259223937988
    },
    "Env": {
        "apply_act": 0.5778989791870117,
        "observation_computation": 0.3206326961517334,
        "powerflow_computation": 0.35066699981689453,
        "total": 1.2491986751556396
    },
    "total": 1.5808770656585693
}