{
    "Agent": {
        "total": 0.009571313858032227
    },
    "Env": {
        "apply_act": 0.1618947982788086,
        "observation_computation": 0.08654189109802246,
        "powerflow_computation": 0.09459877014160156,
        "total": 0.3430354595184326
    },
    "total": 0.43405699729919434
}