{
    "Agent": {
        "total": 0.08779048919677734
    },
    "Env": {
        "apply_act": 1.431056022644043,
        "observation_computation": 0.8045933246612549,
        "powerflow_computation": 0.8622424602508545,
        "total": 3.0978918075561523
    },
    "total": 3.928572177886963
}