{
    "Agent": {
        "total": 0.021450281143188477
    },
    "Env": {
        "apply_act": 0.34894323348999023,
        "observation_computation": 0.1918179988861084,
        "powerflow_computation": 0.20815515518188477,
        "total": 0.7489163875579834
    },
    "total": 1.058276891708374
}