{
    "Agent": {
        "total": 0.03430533409118652
    },
    "Env": {
        "apply_act": 0.5636618137359619,
        "observation_computation": 0.3085765838623047,
        "powerflow_computation": 0.3373703956604004,
        "total": 1.209608793258667
    },
    "total": 1.5336761474609375
}