{
    "Agent": {
        "total": 0.01137995719909668
    },
    "Env": {
        "apply_act": 0.1839289665222168,
        "observation_computation": 0.10361838340759277,
        "powerflow_computation": 0.11300945281982422,
        "total": 0.4005568027496338
    },
    "total": 0.5075957775115967
}