{
    "Agent": {
        "total": 0.014022588729858398
    },
    "Env": {
        "apply_act": 0.22900843620300293,
        "observation_computation": 0.12608742713928223,
        "powerflow_computation": 0.1373577117919922,
        "total": 0.49245357513427734
    },
    "total": 0.6245770454406738
}