{
    "Agent": {
        "total": 0.0007338523864746094
    },
    "Env": {
        "apply_act": 0.012333869934082031,
        "observation_computation": 0.005957603454589844,
        "powerflow_computation": 0.007292270660400391,
        "total": 0.025583744049072266
    },
    "total": 0.03225302696228027
}