{
    "Agent": {
        "total": 0.013677120208740234
    },
    "Env": {
        "apply_act": 0.22402334213256836,
        "observation_computation": 0.12140178680419922,
        "powerflow_computation": 0.13349413871765137,
        "total": 0.47891926765441895
    },
    "total": 0.6057789325714111
}