{
    "Agent": {
        "total": 0.02117753028869629
    },
    "Env": {
        "apply_act": 0.3492910861968994,
        "observation_computation": 0.19336414337158203,
        "powerflow_computation": 0.2100515365600586,
        "total": 0.75270676612854
    },
    "total": 0.9541308879852295
}