{
    "Agent": {
        "total": 0.018423795700073242
    },
    "Env": {
        "apply_act": 0.2928004264831543,
        "observation_computation": 0.16530060768127441,
        "powerflow_computation": 0.18159794807434082,
        "total": 0.6396989822387695
    },
    "total": 0.8114681243896484
}