{
    "Agent": {
        "total": 0.011104106903076172
    },
    "Env": {
        "apply_act": 0.1793656349182129,
        "observation_computation": 0.09945964813232422,
        "powerflow_computation": 0.10897111892700195,
        "total": 0.38779640197753906
    },
    "total": 0.49051904678344727
}