{
    "Agent": {
        "total": 0.034325599670410156
    },
    "Env": {
        "apply_act": 0.5650062561035156,
        "observation_computation": 0.31502342224121094,
        "powerflow_computation": 0.3387782573699951,
        "total": 1.2188079357147217
    },
    "total": 1.6317112445831299
}