{
    "Agent": {
        "total": 0.021642684936523438
    },
    "Env": {
        "apply_act": 0.3517415523529053,
        "observation_computation": 0.19512152671813965,
        "powerflow_computation": 0.2101588249206543,
        "total": 0.7570219039916992
    },
    "total": 0.9602429866790771
}