{
    "Agent": {
        "total": 0.03409981727600098
    },
    "Env": {
        "apply_act": 0.5526702404022217,
        "observation_computation": 0.3048439025878906,
        "powerflow_computation": 0.3326535224914551,
        "total": 1.1901676654815674
    },
    "total": 1.508415937423706
}