{
    "Agent": {
        "total": 0.010640621185302734
    },
    "Env": {
        "apply_act": 0.17284297943115234,
        "observation_computation": 0.09599447250366211,
        "powerflow_computation": 0.10448956489562988,
        "total": 0.37332701683044434
    },
    "total": 0.47298479080200195
}