{
    "Agent": {
        "total": 0.0015711784362792969
    },
    "Env": {
        "apply_act": 0.026349306106567383,
        "observation_computation": 0.013755559921264648,
        "powerflow_computation": 0.015562057495117188,
        "total": 0.05566692352294922
    },
    "total": 0.07028007507324219
}