{
    "Agent": {
        "total": 0.0002703666687011719
    },
    "Env": {
        "apply_act": 0.004672050476074219,
        "observation_computation": 0.0018489360809326172,
        "powerflow_computation": 0.0025103092193603516,
        "total": 0.009031295776367188
    },
    "total": 0.011457204818725586
}