{
    "Agent": {
        "total": 0.00112152099609375
    },
    "Env": {
        "apply_act": 0.01938462257385254,
        "observation_computation": 0.00984501838684082,
        "powerflow_computation": 0.01180267333984375,
        "total": 0.04103231430053711
    },
    "total": 0.05192875862121582
}