{
    "Agent": {
        "total": 0.04114723205566406
    },
    "Env": {
        "apply_act": 0.6713402271270752,
        "observation_computation": 0.37749242782592773,
        "powerflow_computation": 0.40723204612731934,
        "total": 1.4560647010803223
    },
    "total": 1.8454880714416504
}