{
    "Agent": {
        "total": 0.02458667755126953
    },
    "Env": {
        "apply_act": 0.4027419090270996,
        "observation_computation": 0.2229769229888916,
        "powerflow_computation": 0.24207472801208496,
        "total": 0.8677935600280762
    },
    "total": 1.0985920429229736
}