{
    "Agent": {
        "total": 0.0042684078216552734
    },
    "Env": {
        "apply_act": 0.06969594955444336,
        "observation_computation": 0.0386197566986084,
        "powerflow_computation": 0.04280686378479004,
        "total": 0.1511225700378418
    },
    "total": 0.19163799285888672
}