{
    "Agent": {
        "total": 0.0342710018157959
    },
    "Env": {
        "apply_act": 0.5535740852355957,
        "observation_computation": 0.3101365566253662,
        "powerflow_computation": 0.3367612361907959,
        "total": 1.2004718780517578
    },
    "total": 1.525681972503662
}