{
    "Agent": {
        "total": 0.030153274536132812
    },
    "Env": {
        "apply_act": 0.4944589138031006,
        "observation_computation": 0.27501702308654785,
        "powerflow_computation": 0.29744982719421387,
        "total": 1.0669257640838623
    },
    "total": 1.351003885269165
}